{
  "track": [
    [
      0.002307507209479809,
      -0.007866638712584972,
      -0.01339571550488472,
      -0.0050097000785171986,
      0.11022580415010452,
      0.01243081595748663,
      0.001142201479524374,
      0.007576231379061937,
      0.03370476886630058,
      0.03917967900633812,
      24.576534271240234,
      19.805744171142578
    ],
    [
      0.2555394768714905,
      1.2984403371810913,
      1.8028579950332642,
      1.1287026405334473,
      1.7583954334259033,
      0.1513652354478836,
      0.029055166989564896,
      0.13769413530826569,
      0.2651347815990448,
      1.341194748878479,
      89.69915771484375,
      13.521451950073242
    ]
  ],
  "seg": [
    [
      -2.6613800525665283,
      -1.4867584705352783,
      0.7088790535926819,
      14.233874320983887,
      4.669889450073242,
      -0.004672240931540728,
      -0.0030562393367290497,
      0.0020222763996571302,
      1.1163523197174072,
      0.36370980739593506,
      16.914709091186523,
      6.143165111541748
    ],
    [
      261.0616760253906,
      259.4773864746094,
      699.8175048828125,
      359.53607177734375,
      110.506591796875,
      0.40263205766677856,
      0.39805611968040466,
      0.8242602348327637,
      26.9366397857666,
      8.279656410217285,
      58.1217041015625,
      2.201890707015991
    ]
  ],
  "hit": [
    [
      -2.4576849937438965,
      4.866021633148193,
      -5.271989345550537,
      1.1342570781707764,
      338.4597473144531,
      2.4290311336517334,
      0.008348464034497738
    ],
    [
      252.8988494873047,
      251.81256103515625,
      600.6414184570312,
      1.5200088024139404,
      481.2779541015625,
      2.444340467453003,
      0.636539101600647
    ]
  ]
}