{
  "track": [
    [
      0.002242365153506398,
      -0.00722117442637682,
      -0.012605324387550354,
      -0.004605280235409737,
      0.11430034041404724,
      0.012783185578882694,
      0.001268128864467144,
      0.007737061474472284,
      0.034792087972164154,
      0.04021783173084259,
      24.573984146118164,
      19.803686141967773
    ],
    [
      0.25559499859809875,
      1.298529863357544,
      1.8027008771896362,
      1.126257300376892,
      1.760448694229126,
      0.8591470718383789,
      0.6399849057197571,
      0.7174393534660339,
      5.979800701141357,
      5.916938304901123,
      89.73965454101562,
      13.52093505859375
    ]
  ],
  "seg": [
    [
      -0.6292603611946106,
      0.0703541561961174,
      1.4443495273590088,
      13.58012580871582,
      4.463055610656738,
      -0.0010702654253691435,
      -0.00048392065218649805,
      0.0014648293145000935,
      1.0293970108032227,
      0.33654123544692993,
      17.023639678955078,
      6.132580280303955
    ],
    [
      261.8049621582031,
      260.11175537109375,
      699.0349731445312,
      351.474609375,
      108.02304077148438,
      0.4031989276409149,
      0.4005182981491089,
      0.8228328227996826,
      25.81730079650879,
      7.934965133666992,
      59.007633209228516,
      2.206118106842041
    ]
  ],
  "hit": [
    [
      -1.5911496877670288,
      5.812740802764893,
      -3.218015670776367,
      1.133515477180481,
      339.7829895019531,
      2.4428508281707764,
      0.008500568568706512
    ],
    [
      252.9708709716797,
      251.8220672607422,
      600.1123657226562,
      1.524170994758606,
      482.1462707519531,
      2.6180455684661865,
      0.6362496018409729
    ]
  ]
}