{
  "track": [
    [
      0.002192181535065174,
      -0.0054675620049238205,
      -0.011523529887199402,
      -0.0059522055089473724,
      0.12744024395942688,
      0.011961967684328556,
      0.0011990596540272236,
      0.008183776400983334,
      0.04301513358950615,
      0.043419454246759415,
      24.835914611816406,
      19.6303653717041
    ],
    [
      0.2506765127182007,
      1.2707297801971436,
      1.8040213584899902,
      1.2236284017562866,
      1.9145152568817139,
      0.7350373268127441,
      0.11766675114631653,
      3.35723614692688,
      29.50821304321289,
      3.054927349090576,
      92.49089050292969,
      13.256264686584473
    ]
  ],
  "seg": [
    [
      -2.891667604446411,
      0.7162618041038513,
      0.9686139225959778,
      18.435964584350586,
      5.941891670227051,
      -0.005749530158936977,
      0.002845318289473653,
      0.0015046419575810432,
      1.3290512561798096,
      0.42855334281921387,
      16.5845947265625,
      5.963316440582275
    ],
    [
      240.47230529785156,
      241.45962524414062,
      670.6995849609375,
      402.9832458496094,
      123.84628295898438,
      0.39843910932540894,
      0.3973669111728668,
      0.8266188502311707,
      27.987510681152344,
      8.601334571838379,
      56.38888168334961,
      2.2822554111480713
    ]
  ],
  "hit": [
    [
      -1.2296416759490967,
      5.13609504699707,
      -0.7219923734664917,
      0.9391505718231201,
      287.5763854980469,
      2.5483226776123047,
      0.010780969634652138
    ],
    [
      234.30284118652344,
      233.76852416992188,
      594.3493041992188,
      1.4469983577728271,
      458.6573486328125,
      3.1574888229370117,
      0.6833347082138062
    ]
  ]
}